,Unnamed: 0,LOCATION,INDICATOR,SUBJECT,MEASURE,FREQUENCY,TIME,Value,Flag Codes
0,0,AUS,HEALTHEXP,TOT,USD_CAP,A,2016,4624.966,D
1,1,AUT,HEALTHEXP,TOT,USD_CAP,A,2016,5195.531,
2,2,BEL,HEALTHEXP,TOT,USD_CAP,A,2016,5003.902,
3,3,CAN,HEALTHEXP,TOT,USD_CAP,A,2016,5039.601,
4,4,CZE,HEALTHEXP,TOT,USD_CAP,A,2016,2670.97,
5,5,DNK,HEALTHEXP,TOT,USD_CAP,A,2016,4849.758,
6,6,FIN,HEALTHEXP,TOT,USD_CAP,A,2016,4103.556,
7,7,FRA,HEALTHEXP,TOT,USD_CAP,A,2016,4922.263,
8,8,DEU,HEALTHEXP,TOT,USD_CAP,A,2016,5670.578,
9,9,GRC,HEALTHEXP,TOT,USD_CAP,A,2016,2220.862,
10,10,HUN,HEALTHEXP,TOT,USD_CAP,A,2016,1999.683,
11,11,ISL,HEALTHEXP,TOT,USD_CAP,A,2016,3932.084,
12,12,IRL,HEALTHEXP,TOT,USD_CAP,A,2016,4536.744,
13,13,ITA,HEALTHEXP,TOT,USD_CAP,A,2016,3274.024,
14,14,JPN,HEALTHEXP,TOT,USD_CAP,A,2016,4295.858,
15,15,KOR,HEALTHEXP,TOT,USD_CAP,A,2016,2664.734,
16,16,LUX,HEALTHEXP,TOT,USD_CAP,A,2016,4864.255,
17,17,MEX,HEALTHEXP,TOT,USD_CAP,A,2016,1102.809,
18,18,NLD,HEALTHEXP,TOT,USD_CAP,A,2016,5075.641,
19,19,NZL,HEALTHEXP,TOT,USD_CAP,A,2016,3732.589,P
20,20,NOR,HEALTHEXP,TOT,USD_CAP,A,2016,5904.221,
21,21,POL,HEALTHEXP,TOT,USD_CAP,A,2016,1959.094,
22,22,PRT,HEALTHEXP,TOT,USD_CAP,A,2016,2815.178,
23,23,SVK,HEALTHEXP,TOT,USD_CAP,A,2016,2039.611,
24,24,ESP,HEALTHEXP,TOT,USD_CAP,A,2016,3148.584,
25,25,SWE,HEALTHEXP,TOT,USD_CAP,A,2016,5127.574,
26,26,CHE,HEALTHEXP,TOT,USD_CAP,A,2016,6808.027,
27,27,TUR,HEALTHEXP,TOT,USD_CAP,A,2016,1128.754,
28,28,GBR,HEALTHEXP,TOT,USD_CAP,A,2016,3988.944,
29,29,USA,HEALTHEXP,TOT,USD_CAP,A,2016,9777.261,
30,30,CHL,HEALTHEXP,TOT,USD_CAP,A,2016,1941.256,
31,31,EST,HEALTHEXP,TOT,USD_CAP,A,2016,2028.237,
32,32,ISR,HEALTHEXP,TOT,USD_CAP,A,2016,2524.083,
33,33,SVN,HEALTHEXP,TOT,USD_CAP,A,2016,2738.224,
34,34,CHN,HEALTHEXP,TOT,USD_CAP,A,2016,668.096,
35,35,COL,HEALTHEXP,TOT,USD_CAP,A,2016,1101.628,
36,36,IND,HEALTHEXP,TOT,USD_CAP,A,2016,224.324,
37,37,IDN,HEALTHEXP,TOT,USD_CAP,A,2016,330.886,
38,38,LVA,HEALTHEXP,TOT,USD_CAP,A,2016,1613.803,
39,39,LTU,HEALTHEXP,TOT,USD_CAP,A,2016,2097.796,
40,40,RUS,HEALTHEXP,TOT,USD_CAP,A,2016,1406.271,
41,41,ZAF,HEALTHEXP,TOT,USD_CAP,A,2016,1056.591,
42,42,CRI,HEALTHEXP,TOT,USD_CAP,A,2016,1413.267,
43,43,BGR,HEALTHEXP,TOT,USD_CAP,A,2016,1598.353,
44,44,HRV,HEALTHEXP,TOT,USD_CAP,A,2016,1675.372,
45,45,CYP,HEALTHEXP,TOT,USD_CAP,A,2016,2267.338,
46,46,MLT,HEALTHEXP,TOT,USD_CAP,A,2016,3451.508,
47,47,ROU,HEALTHEXP,TOT,USD_CAP,A,2016,1250.961,
48,48,AUS,HEALTHEXP,COMPULSORY,USD_CAP,A,2016,3053.117,D
49,49,AUS,HEALTHEXP,VOLUNTARY,USD_CAP,A,2016,1571.849,D
50,50,AUT,HEALTHEXP,COMPULSORY,USD_CAP,A,2016,3842.678,
51,51,AUT,HEALTHEXP,VOLUNTARY,USD_CAP,A,2016,1352.853,D
52,52,BEL,HEALTHEXP,COMPULSORY,USD_CAP,A,2016,3865.947,
53,53,BEL,HEALTHEXP,VOLUNTARY,USD_CAP,A,2016,1137.955,
54,54,CAN,HEALTHEXP,COMPULSORY,USD_CAP,A,2016,3510.241,
55,55,CAN,HEALTHEXP,VOLUNTARY,USD_CAP,A,2016,1529.359,
56,56,CZE,HEALTHEXP,COMPULSORY,USD_CAP,A,2016,2189.597,
57,57,CZE,HEALTHEXP,VOLUNTARY,USD_CAP,A,2016,481.373,
58,58,DNK,HEALTHEXP,COMPULSORY,USD_CAP,A,2016,4079.733,
59,59,DNK,HEALTHEXP,VOLUNTARY,USD_CAP,A,2016,770.024,
60,60,FIN,HEALTHEXP,COMPULSORY,USD_CAP,A,2016,3127.993,
61,61,FIN,HEALTHEXP,VOLUNTARY,USD_CAP,A,2016,975.564,
62,62,FRA,HEALTHEXP,COMPULSORY,USD_CAP,A,2016,4086.625,
63,63,FRA,HEALTHEXP,VOLUNTARY,USD_CAP,A,2016,835.638,
64,64,DEU,HEALTHEXP,COMPULSORY,USD_CAP,A,2016,4781.354,
65,65,DEU,HEALTHEXP,VOLUNTARY,USD_CAP,A,2016,889.208,
66,66,GRC,HEALTHEXP,COMPULSORY,USD_CAP,A,2016,1348.87,
67,67,GRC,HEALTHEXP,VOLUNTARY,USD_CAP,A,2016,866.221,
68,68,HUN,HEALTHEXP,COMPULSORY,USD_CAP,A,2016,1361.359,
69,69,HUN,HEALTHEXP,VOLUNTARY,USD_CAP,A,2016,638.325,
70,70,ISL,HEALTHEXP,COMPULSORY,USD_CAP,A,2016,3204.993,
71,71,ISL,HEALTHEXP,VOLUNTARY,USD_CAP,A,2016,727.091,
72,72,IRL,HEALTHEXP,COMPULSORY,USD_CAP,A,2016,3299.179,
73,73,IRL,HEALTHEXP,VOLUNTARY,USD_CAP,A,2016,1237.565,
74,74,ITA,HEALTHEXP,COMPULSORY,USD_CAP,A,2016,2435.908,
75,75,ITA,HEALTHEXP,VOLUNTARY,USD_CAP,A,2016,838.116,
76,76,JPN,HEALTHEXP,COMPULSORY,USD_CAP,A,2016,3610.119,
77,77,JPN,HEALTHEXP,VOLUNTARY,USD_CAP,A,2016,685.739,
78,78,KOR,HEALTHEXP,COMPULSORY,USD_CAP,A,2016,1571.99,
79,79,KOR,HEALTHEXP,VOLUNTARY,USD_CAP,A,2016,1092.744,
80,80,LUX,HEALTHEXP,COMPULSORY,USD_CAP,A,2016,4066.893,
81,81,LUX,HEALTHEXP,VOLUNTARY,USD_CAP,A,2016,733.152,
82,82,MEX,HEALTHEXP,COMPULSORY,USD_CAP,A,2016,565.518,
83,83,MEX,HEALTHEXP,VOLUNTARY,USD_CAP,A,2016,537.292,
84,84,NLD,HEALTHEXP,COMPULSORY,USD_CAP,A,2016,4118.363,
85,85,NLD,HEALTHEXP,VOLUNTARY,USD_CAP,A,2016,957.278,
86,86,NZL,HEALTHEXP,COMPULSORY,USD_CAP,A,2016,2935.828,P
87,87,NZL,HEALTHEXP,VOLUNTARY,USD_CAP,A,2016,796.76,P
88,88,NOR,HEALTHEXP,COMPULSORY,USD_CAP,A,2016,5040.991,
89,89,NOR,HEALTHEXP,VOLUNTARY,USD_CAP,A,2016,863.23,
90,90,POL,HEALTHEXP,COMPULSORY,USD_CAP,A,2016,1358.063,
91,91,POL,HEALTHEXP,VOLUNTARY,USD_CAP,A,2016,601.031,
92,92,PRT,HEALTHEXP,COMPULSORY,USD_CAP,A,2016,1735.938,
93,93,PRT,HEALTHEXP,VOLUNTARY,USD_CAP,A,2016,1079.239,
94,94,SVK,HEALTHEXP,COMPULSORY,USD_CAP,A,2016,1639.039,
95,95,SVK,HEALTHEXP,VOLUNTARY,USD_CAP,A,2016,400.572,
96,96,ESP,HEALTHEXP,COMPULSORY,USD_CAP,A,2016,2252.883,
97,97,ESP,HEALTHEXP,VOLUNTARY,USD_CAP,A,2016,895.701,
98,98,SWE,HEALTHEXP,COMPULSORY,USD_CAP,A,2016,4320.614,
99,99,SWE,HEALTHEXP,VOLUNTARY,USD_CAP,A,2016,806.961,
100,100,CHE,HEALTHEXP,COMPULSORY,USD_CAP,A,2016,4456.937,
101,101,CHE,HEALTHEXP,VOLUNTARY,USD_CAP,A,2016,2351.09,
102,102,TUR,HEALTHEXP,COMPULSORY,USD_CAP,A,2016,885.419,
103,103,TUR,HEALTHEXP,VOLUNTARY,USD_CAP,A,2016,243.335,
104,104,GBR,HEALTHEXP,COMPULSORY,USD_CAP,A,2016,3174.731,
105,105,GBR,HEALTHEXP,VOLUNTARY,USD_CAP,A,2016,814.213,
106,106,USA,HEALTHEXP,COMPULSORY,USD_CAP,A,2016,8079.658,
107,107,USA,HEALTHEXP,VOLUNTARY,USD_CAP,A,2016,1697.602,
108,108,CHL,HEALTHEXP,COMPULSORY,USD_CAP,A,2016,1135.48,
109,109,CHL,HEALTHEXP,VOLUNTARY,USD_CAP,A,2016,805.776,
110,110,CHN,HEALTHEXP,COMPULSORY,USD_CAP,A,2016,388.173,
111,111,CHN,HEALTHEXP,VOLUNTARY,USD_CAP,A,2016,279.912,
112,112,COL,HEALTHEXP,COMPULSORY,USD_CAP,A,2016,838.273,
113,113,COL,HEALTHEXP,VOLUNTARY,USD_CAP,A,2016,263.355,
114,114,CRI,HEALTHEXP,COMPULSORY,USD_CAP,A,2016,1061.383,
115,115,CRI,HEALTHEXP,VOLUNTARY,USD_CAP,A,2016,351.883,
116,116,EST,HEALTHEXP,COMPULSORY,USD_CAP,A,2016,1534.49,
117,117,EST,HEALTHEXP,VOLUNTARY,USD_CAP,A,2016,493.709,
118,118,IND,HEALTHEXP,COMPULSORY,USD_CAP,A,2016,60.622,
119,119,IND,HEALTHEXP,VOLUNTARY,USD_CAP,A,2016,163.702,
120,120,IDN,HEALTHEXP,COMPULSORY,USD_CAP,A,2016,153.464,
121,121,IDN,HEALTHEXP,VOLUNTARY,USD_CAP,A,2016,177.422,
122,122,ISR,HEALTHEXP,COMPULSORY,USD_CAP,A,2016,1598.151,
123,123,ISR,HEALTHEXP,VOLUNTARY,USD_CAP,A,2016,892.143,
124,124,LVA,HEALTHEXP,COMPULSORY,USD_CAP,A,2016,901.578,
125,125,LVA,HEALTHEXP,VOLUNTARY,USD_CAP,A,2016,712.224,
126,126,LTU,HEALTHEXP,COMPULSORY,USD_CAP,A,2016,1397.047,
127,127,LTU,HEALTHEXP,VOLUNTARY,USD_CAP,A,2016,700.404,
128,128,RUS,HEALTHEXP,COMPULSORY,USD_CAP,A,2016,800.872,
129,129,RUS,HEALTHEXP,VOLUNTARY,USD_CAP,A,2016,605.399,
130,130,SVN,HEALTHEXP,COMPULSORY,USD_CAP,A,2016,1991.463,
131,131,SVN,HEALTHEXP,VOLUNTARY,USD_CAP,A,2016,746.761,
132,132,ZAF,HEALTHEXP,COMPULSORY,USD_CAP,A,2016,453.446,
133,133,ZAF,HEALTHEXP,VOLUNTARY,USD_CAP,A,2016,603.145,
134,134,BGR,HEALTHEXP,COMPULSORY,USD_CAP,A,2016,884.791,
135,135,BGR,HEALTHEXP,VOLUNTARY,USD_CAP,A,2016,713.561,
136,136,HRV,HEALTHEXP,COMPULSORY,USD_CAP,A,2016,1382.53,
137,137,HRV,HEALTHEXP,VOLUNTARY,USD_CAP,A,2016,292.842,
138,138,CYP,HEALTHEXP,COMPULSORY,USD_CAP,A,2016,958.318,
139,139,CYP,HEALTHEXP,VOLUNTARY,USD_CAP,A,2016,1309.02,
140,140,MLT,HEALTHEXP,COMPULSORY,USD_CAP,A,2016,2175.425,
141,141,MLT,HEALTHEXP,VOLUNTARY,USD_CAP,A,2016,1276.083,
142,142,ROU,HEALTHEXP,COMPULSORY,USD_CAP,A,2016,979.853,
143,143,ROU,HEALTHEXP,VOLUNTARY,USD_CAP,A,2016,271.108,
144,144,AUS,HEALTHEXP,TOT,USD_CAP,A,2017,4659.025,D
145,145,AUT,HEALTHEXP,TOT,USD_CAP,A,2017,5315.353,
146,146,BEL,HEALTHEXP,TOT,USD_CAP,A,2017,5136.174,
147,147,CAN,HEALTHEXP,TOT,USD_CAP,A,2017,5138.19,
148,148,CZE,HEALTHEXP,TOT,USD_CAP,A,2017,2873.306,
149,149,DNK,HEALTHEXP,TOT,USD_CAP,A,2017,5083.278,
150,150,FIN,HEALTHEXP,TOT,USD_CAP,A,2017,4215.312,
151,151,FRA,HEALTHEXP,TOT,USD_CAP,A,2017,4994.828,
152,152,DEU,HEALTHEXP,TOT,USD_CAP,A,2017,5959.529,
153,153,GRC,HEALTHEXP,TOT,USD_CAP,A,2017,2245.122,
154,154,HUN,HEALTHEXP,TOT,USD_CAP,A,2017,2000.095,
155,155,ISL,HEALTHEXP,TOT,USD_CAP,A,2017,4135.023,
156,156,IRL,HEALTHEXP,TOT,USD_CAP,A,2017,4683.364,
157,157,ITA,HEALTHEXP,TOT,USD_CAP,A,2017,3376.084,
158,158,JPN,HEALTHEXP,TOT,USD_CAP,A,2017,4412.852,
159,159,KOR,HEALTHEXP,TOT,USD_CAP,A,2017,2802.355,
160,160,LUX,HEALTHEXP,TOT,USD_CAP,A,2017,4988.997,
161,161,MEX,HEALTHEXP,TOT,USD_CAP,A,2017,1099.647,
162,162,NLD,HEALTHEXP,TOT,USD_CAP,A,2017,5253.773,
163,163,NZL,HEALTHEXP,TOT,USD_CAP,A,2017,3842.325,P
164,164,NOR,HEALTHEXP,TOT,USD_CAP,A,2017,6234.377,
165,165,POL,HEALTHEXP,TOT,USD_CAP,A,2017,2062.735,
166,166,PRT,HEALTHEXP,TOT,USD_CAP,A,2017,2906.395,
167,167,SVK,HEALTHEXP,TOT,USD_CAP,A,2017,1974.467,
168,168,ESP,HEALTHEXP,TOT,USD_CAP,A,2017,3320.594,
169,169,SWE,HEALTHEXP,TOT,USD_CAP,A,2017,5219.41,
170,170,CHE,HEALTHEXP,TOT,USD_CAP,A,2017,6866.474,
171,171,TUR,HEALTHEXP,TOT,USD_CAP,A,2017,1175.655,
172,172,GBR,HEALTHEXP,TOT,USD_CAP,A,2017,4096.018,
173,173,USA,HEALTHEXP,TOT,USD_CAP,A,2017,10106.176,
174,174,CHL,HEALTHEXP,TOT,USD_CAP,A,2017,2119.552,
175,175,EST,HEALTHEXP,TOT,USD_CAP,A,2017,2201.895,
176,176,ISR,HEALTHEXP,TOT,USD_CAP,A,2017,2626.181,
177,177,SVN,HEALTHEXP,TOT,USD_CAP,A,2017,2832.646,
178,178,CHN,HEALTHEXP,TOT,USD_CAP,A,2017,730.375,
179,179,COL,HEALTHEXP,TOT,USD_CAP,A,2017,1139.442,
180,180,IND,HEALTHEXP,TOT,USD_CAP,A,2017,238.103,
181,181,IDN,HEALTHEXP,TOT,USD_CAP,A,2017,316.239,
182,182,LVA,HEALTHEXP,TOT,USD_CAP,A,2017,1676.414,
183,183,LTU,HEALTHEXP,TOT,USD_CAP,A,2017,2230.967,
184,184,RUS,HEALTHEXP,TOT,USD_CAP,A,2017,1521.0,
185,185,ZAF,HEALTHEXP,TOT,USD_CAP,A,2017,1072.354,
186,186,CRI,HEALTHEXP,TOT,USD_CAP,A,2017,1445.438,
187,187,BGR,HEALTHEXP,TOT,USD_CAP,A,2017,1692.692,
188,188,HRV,HEALTHEXP,TOT,USD_CAP,A,2017,1762.645,
189,189,CYP,HEALTHEXP,TOT,USD_CAP,A,2017,2384.063,
190,190,MLT,HEALTHEXP,TOT,USD_CAP,A,2017,3691.342,
191,191,ROU,HEALTHEXP,TOT,USD_CAP,A,2017,1413.859,
192,192,AUS,HEALTHEXP,COMPULSORY,USD_CAP,A,2017,3091.112,D
193,193,AUS,HEALTHEXP,VOLUNTARY,USD_CAP,A,2017,1567.913,D
194,194,AUT,HEALTHEXP,COMPULSORY,USD_CAP,A,2017,3934.347,
195,195,AUT,HEALTHEXP,VOLUNTARY,USD_CAP,A,2017,1381.006,D
196,196,BEL,HEALTHEXP,COMPULSORY,USD_CAP,A,2017,3972.833,
197,197,BEL,HEALTHEXP,VOLUNTARY,USD_CAP,A,2017,1163.341,
198,198,CAN,HEALTHEXP,COMPULSORY,USD_CAP,A,2017,3586.306,
199,199,CAN,HEALTHEXP,VOLUNTARY,USD_CAP,A,2017,1551.884,
200,200,CZE,HEALTHEXP,COMPULSORY,USD_CAP,A,2017,2358.811,
201,201,CZE,HEALTHEXP,VOLUNTARY,USD_CAP,A,2017,514.496,
202,202,DNK,HEALTHEXP,COMPULSORY,USD_CAP,A,2017,4271.174,
203,203,DNK,HEALTHEXP,VOLUNTARY,USD_CAP,A,2017,812.103,
204,204,FIN,HEALTHEXP,COMPULSORY,USD_CAP,A,2017,3221.254,
205,205,FIN,HEALTHEXP,VOLUNTARY,USD_CAP,A,2017,994.058,
206,206,FRA,HEALTHEXP,COMPULSORY,USD_CAP,A,2017,4154.645,
207,207,FRA,HEALTHEXP,VOLUNTARY,USD_CAP,A,2017,840.183,
208,208,DEU,HEALTHEXP,COMPULSORY,USD_CAP,A,2017,5037.283,
209,209,DEU,HEALTHEXP,VOLUNTARY,USD_CAP,A,2017,922.23,
210,210,GRC,HEALTHEXP,COMPULSORY,USD_CAP,A,2017,1357.319,
211,211,GRC,HEALTHEXP,VOLUNTARY,USD_CAP,A,2017,883.779,
212,212,HUN,HEALTHEXP,COMPULSORY,USD_CAP,A,2017,1375.745,
213,213,HUN,HEALTHEXP,VOLUNTARY,USD_CAP,A,2017,624.35,
214,214,ISL,HEALTHEXP,COMPULSORY,USD_CAP,A,2017,3389.35,
215,215,ISL,HEALTHEXP,VOLUNTARY,USD_CAP,A,2017,745.673,
216,216,IRL,HEALTHEXP,COMPULSORY,USD_CAP,A,2017,3417.878,
217,217,IRL,HEALTHEXP,VOLUNTARY,USD_CAP,A,2017,1265.486,
218,218,ITA,HEALTHEXP,COMPULSORY,USD_CAP,A,2017,2489.368,
219,219,ITA,HEALTHEXP,VOLUNTARY,USD_CAP,A,2017,886.716,
220,220,JPN,HEALTHEXP,COMPULSORY,USD_CAP,A,2017,3716.269,
221,221,JPN,HEALTHEXP,VOLUNTARY,USD_CAP,A,2017,696.582,
222,222,KOR,HEALTHEXP,COMPULSORY,USD_CAP,A,2017,1670.025,
223,223,KOR,HEALTHEXP,VOLUNTARY,USD_CAP,A,2017,1132.33,
224,224,LUX,HEALTHEXP,COMPULSORY,USD_CAP,A,2017,4188.382,
225,225,LUX,HEALTHEXP,VOLUNTARY,USD_CAP,A,2017,731.757,
226,226,MEX,HEALTHEXP,COMPULSORY,USD_CAP,A,2017,555.711,
227,227,MEX,HEALTHEXP,VOLUNTARY,USD_CAP,A,2017,543.937,
228,228,NLD,HEALTHEXP,COMPULSORY,USD_CAP,A,2017,4291.724,
229,229,NLD,HEALTHEXP,VOLUNTARY,USD_CAP,A,2017,962.049,
230,230,NZL,HEALTHEXP,COMPULSORY,USD_CAP,A,2017,3019.577,P
231,231,NZL,HEALTHEXP,VOLUNTARY,USD_CAP,A,2017,822.748,P
232,232,NOR,HEALTHEXP,COMPULSORY,USD_CAP,A,2017,5306.743,
233,233,NOR,HEALTHEXP,VOLUNTARY,USD_CAP,A,2017,927.634,
234,234,POL,HEALTHEXP,COMPULSORY,USD_CAP,A,2017,1429.225,
235,235,POL,HEALTHEXP,VOLUNTARY,USD_CAP,A,2017,633.509,
236,236,PRT,HEALTHEXP,COMPULSORY,USD_CAP,A,2017,1779.633,
237,237,PRT,HEALTHEXP,VOLUNTARY,USD_CAP,A,2017,1126.762,
238,238,SVK,HEALTHEXP,COMPULSORY,USD_CAP,A,2017,1578.366,
239,239,SVK,HEALTHEXP,VOLUNTARY,USD_CAP,A,2017,396.102,
240,240,ESP,HEALTHEXP,COMPULSORY,USD_CAP,A,2017,2342.078,
241,241,ESP,HEALTHEXP,VOLUNTARY,USD_CAP,A,2017,978.516,
242,242,SWE,HEALTHEXP,COMPULSORY,USD_CAP,A,2017,4421.192,
243,243,SWE,HEALTHEXP,VOLUNTARY,USD_CAP,A,2017,798.218,
244,244,CHE,HEALTHEXP,COMPULSORY,USD_CAP,A,2017,4522.947,
245,245,CHE,HEALTHEXP,VOLUNTARY,USD_CAP,A,2017,2343.527,
246,246,TUR,HEALTHEXP,COMPULSORY,USD_CAP,A,2017,913.609,
247,247,TUR,HEALTHEXP,VOLUNTARY,USD_CAP,A,2017,262.046,
248,248,GBR,HEALTHEXP,COMPULSORY,USD_CAP,A,2017,3230.649,
249,249,GBR,HEALTHEXP,VOLUNTARY,USD_CAP,A,2017,865.369,
250,250,USA,HEALTHEXP,COMPULSORY,USD_CAP,A,2017,8349.313,
251,251,USA,HEALTHEXP,VOLUNTARY,USD_CAP,A,2017,1756.863,
252,252,CHL,HEALTHEXP,COMPULSORY,USD_CAP,A,2017,1274.817,
253,253,CHL,HEALTHEXP,VOLUNTARY,USD_CAP,A,2017,844.735,
254,254,CHN,HEALTHEXP,COMPULSORY,USD_CAP,A,2017,413.927,
255,255,CHN,HEALTHEXP,VOLUNTARY,USD_CAP,A,2017,316.444,
256,256,COL,HEALTHEXP,COMPULSORY,USD_CAP,A,2017,872.91,
257,257,COL,HEALTHEXP,VOLUNTARY,USD_CAP,A,2017,266.532,
258,258,CRI,HEALTHEXP,COMPULSORY,USD_CAP,A,2017,1083.6,
259,259,CRI,HEALTHEXP,VOLUNTARY,USD_CAP,A,2017,361.838,
260,260,EST,HEALTHEXP,COMPULSORY,USD_CAP,A,2017,1620.368,
261,261,EST,HEALTHEXP,VOLUNTARY,USD_CAP,A,2017,581.527,
262,262,IND,HEALTHEXP,COMPULSORY,USD_CAP,A,2017,65.401,
263,263,IND,HEALTHEXP,VOLUNTARY,USD_CAP,A,2017,171.582,
264,264,IDN,HEALTHEXP,COMPULSORY,USD_CAP,A,2017,149.251,
265,265,IDN,HEALTHEXP,VOLUNTARY,USD_CAP,A,2017,166.988,
266,266,ISR,HEALTHEXP,COMPULSORY,USD_CAP,A,2017,1677.671,
267,267,ISR,HEALTHEXP,VOLUNTARY,USD_CAP,A,2017,912.353,
268,268,LVA,HEALTHEXP,COMPULSORY,USD_CAP,A,2017,961.078,
269,269,LVA,HEALTHEXP,VOLUNTARY,USD_CAP,A,2017,715.336,
270,270,LTU,HEALTHEXP,COMPULSORY,USD_CAP,A,2017,1475.486,
271,271,LTU,HEALTHEXP,VOLUNTARY,USD_CAP,A,2017,754.969,
272,272,RUS,HEALTHEXP,COMPULSORY,USD_CAP,A,2017,868.32,
273,273,RUS,HEALTHEXP,VOLUNTARY,USD_CAP,A,2017,652.68,
274,274,SVN,HEALTHEXP,COMPULSORY,USD_CAP,A,2017,2045.078,
275,275,SVN,HEALTHEXP,VOLUNTARY,USD_CAP,A,2017,787.567,
276,276,ZAF,HEALTHEXP,COMPULSORY,USD_CAP,A,2017,458.801,
277,277,ZAF,HEALTHEXP,VOLUNTARY,USD_CAP,A,2017,613.553,
278,278,BGR,HEALTHEXP,COMPULSORY,USD_CAP,A,2017,953.796,
279,279,BGR,HEALTHEXP,VOLUNTARY,USD_CAP,A,2017,738.895,
280,280,HRV,HEALTHEXP,COMPULSORY,USD_CAP,A,2017,1454.959,
281,281,HRV,HEALTHEXP,VOLUNTARY,USD_CAP,A,2017,307.686,
282,282,CYP,HEALTHEXP,COMPULSORY,USD_CAP,A,2017,1002.475,
283,283,CYP,HEALTHEXP,VOLUNTARY,USD_CAP,A,2017,1381.588,
284,284,MLT,HEALTHEXP,COMPULSORY,USD_CAP,A,2017,2335.542,
285,285,MLT,HEALTHEXP,VOLUNTARY,USD_CAP,A,2017,1355.8,
286,286,ROU,HEALTHEXP,COMPULSORY,USD_CAP,A,2017,1112.029,
287,287,ROU,HEALTHEXP,VOLUNTARY,USD_CAP,A,2017,301.83,
288,288,AUS,HEALTHEXP,TOT,USD_CAP,A,2018,4793.46,D
289,289,AUT,HEALTHEXP,TOT,USD_CAP,A,2018,5544.767,
290,290,BEL,HEALTHEXP,TOT,USD_CAP,A,2018,5358.892,
291,291,CAN,HEALTHEXP,TOT,USD_CAP,A,2018,5330.848,
292,292,CZE,HEALTHEXP,TOT,USD_CAP,A,2018,3174.386,
293,293,DNK,HEALTHEXP,TOT,USD_CAP,A,2018,5316.577,
294,294,FIN,HEALTHEXP,TOT,USD_CAP,A,2018,4379.886,
295,295,FRA,HEALTHEXP,TOT,USD_CAP,A,2018,5136.2,
296,296,DEU,HEALTHEXP,TOT,USD_CAP,A,2018,6291.041,
297,297,GRC,HEALTHEXP,TOT,USD_CAP,A,2018,2290.646,
298,298,HUN,HEALTHEXP,TOT,USD_CAP,A,2018,2102.765,
299,299,ISL,HEALTHEXP,TOT,USD_CAP,A,2018,4376.857,
300,300,IRL,HEALTHEXP,TOT,USD_CAP,A,2018,4897.59,
301,301,ITA,HEALTHEXP,TOT,USD_CAP,A,2018,3522.076,
302,302,JPN,HEALTHEXP,TOT,USD_CAP,A,2018,4558.669,
303,303,KOR,HEALTHEXP,TOT,USD_CAP,A,2018,3091.826,
304,304,LUX,HEALTHEXP,TOT,USD_CAP,A,2018,5220.868,
305,305,MEX,HEALTHEXP,TOT,USD_CAP,A,2018,1116.032,
306,306,NLD,HEALTHEXP,TOT,USD_CAP,A,2018,5538.095,
307,307,NZL,HEALTHEXP,TOT,USD_CAP,A,2018,4058.746,P
308,308,NOR,HEALTHEXP,TOT,USD_CAP,A,2018,6536.761,
309,309,POL,HEALTHEXP,TOT,USD_CAP,A,2018,2122.841,
310,310,PRT,HEALTHEXP,TOT,USD_CAP,A,2018,3152.797,
311,311,SVK,HEALTHEXP,TOT,USD_CAP,A,2018,2049.468,
312,312,ESP,HEALTHEXP,TOT,USD_CAP,A,2018,3443.656,
313,313,SWE,HEALTHEXP,TOT,USD_CAP,A,2018,5456.547,
314,314,CHE,HEALTHEXP,TOT,USD_CAP,A,2018,6978.086,
315,315,TUR,HEALTHEXP,TOT,USD_CAP,A,2018,1214.124,
316,316,GBR,HEALTHEXP,TOT,USD_CAP,A,2018,4288.654,
317,317,USA,HEALTHEXP,TOT,USD_CAP,A,2018,10528.48,
318,318,CHL,HEALTHEXP,TOT,USD_CAP,A,2018,2131.03,
319,319,EST,HEALTHEXP,TOT,USD_CAP,A,2018,2365.786,
320,320,ISR,HEALTHEXP,TOT,USD_CAP,A,2018,2836.329,
321,321,SVN,HEALTHEXP,TOT,USD_CAP,A,2018,3060.734,
322,322,CHN,HEALTHEXP,TOT,USD_CAP,A,2018,810.845,
323,323,COL,HEALTHEXP,TOT,USD_CAP,A,2018,1195.354,
324,324,IND,HEALTHEXP,TOT,USD_CAP,A,2018,257.403,
325,325,IDN,HEALTHEXP,TOT,USD_CAP,A,2018,336.726,
326,326,LVA,HEALTHEXP,TOT,USD_CAP,A,2018,1867.283,
327,327,LTU,HEALTHEXP,TOT,USD_CAP,A,2018,2414.809,
328,328,RUS,HEALTHEXP,TOT,USD_CAP,A,2018,1713.947,
329,329,ZAF,HEALTHEXP,TOT,USD_CAP,A,2018,1103.532,
330,330,CRI,HEALTHEXP,TOT,USD_CAP,A,2018,1548.048,D
331,331,BGR,HEALTHEXP,TOT,USD_CAP,A,2018,1784.062,
332,332,HRV,HEALTHEXP,TOT,USD_CAP,A,2018,1900.971,
333,333,CYP,HEALTHEXP,TOT,USD_CAP,A,2018,2606.43,
334,334,MLT,HEALTHEXP,TOT,USD_CAP,A,2018,3820.418,
335,335,ROU,HEALTHEXP,TOT,USD_CAP,A,2018,1664.296,
336,336,AUS,HEALTHEXP,COMPULSORY,USD_CAP,A,2018,3192.682,D
337,337,AUS,HEALTHEXP,VOLUNTARY,USD_CAP,A,2018,1600.779,D
338,338,AUT,HEALTHEXP,COMPULSORY,USD_CAP,A,2018,4149.584,
339,339,AUT,HEALTHEXP,VOLUNTARY,USD_CAP,A,2018,1395.183,D
340,340,BEL,HEALTHEXP,COMPULSORY,USD_CAP,A,2018,4118.526,
341,341,BEL,HEALTHEXP,VOLUNTARY,USD_CAP,A,2018,1240.366,
342,342,CAN,HEALTHEXP,COMPULSORY,USD_CAP,A,2018,3740.63,
343,343,CAN,HEALTHEXP,VOLUNTARY,USD_CAP,A,2018,1590.218,
344,344,CZE,HEALTHEXP,COMPULSORY,USD_CAP,A,2018,2635.761,
345,345,CZE,HEALTHEXP,VOLUNTARY,USD_CAP,A,2018,538.625,
346,346,DNK,HEALTHEXP,COMPULSORY,USD_CAP,A,2018,4459.575,
347,347,DNK,HEALTHEXP,VOLUNTARY,USD_CAP,A,2018,857.002,
348,348,FIN,HEALTHEXP,COMPULSORY,USD_CAP,A,2018,3368.898,
349,349,FIN,HEALTHEXP,VOLUNTARY,USD_CAP,A,2018,1010.988,
350,350,FRA,HEALTHEXP,COMPULSORY,USD_CAP,A,2018,4289.553,
351,351,FRA,HEALTHEXP,VOLUNTARY,USD_CAP,A,2018,846.647,
352,352,DEU,HEALTHEXP,COMPULSORY,USD_CAP,A,2018,5313.833,
353,353,DEU,HEALTHEXP,VOLUNTARY,USD_CAP,A,2018,977.208,
354,354,GRC,HEALTHEXP,COMPULSORY,USD_CAP,A,2018,1338.374,
355,355,GRC,HEALTHEXP,VOLUNTARY,USD_CAP,A,2018,949.16,
356,356,HUN,HEALTHEXP,COMPULSORY,USD_CAP,A,2018,1469.617,
357,357,HUN,HEALTHEXP,VOLUNTARY,USD_CAP,A,2018,633.148,
358,358,ISL,HEALTHEXP,COMPULSORY,USD_CAP,A,2018,3609.403,
359,359,ISL,HEALTHEXP,VOLUNTARY,USD_CAP,A,2018,767.454,
360,360,IRL,HEALTHEXP,COMPULSORY,USD_CAP,A,2018,3630.391,
361,361,IRL,HEALTHEXP,VOLUNTARY,USD_CAP,A,2018,1267.2,
362,362,ITA,HEALTHEXP,COMPULSORY,USD_CAP,A,2018,2600.815,
363,363,ITA,HEALTHEXP,VOLUNTARY,USD_CAP,A,2018,921.26,
364,364,JPN,HEALTHEXP,COMPULSORY,USD_CAP,A,2018,3818.84,
365,365,JPN,HEALTHEXP,VOLUNTARY,USD_CAP,A,2018,739.829,
366,366,KOR,HEALTHEXP,COMPULSORY,USD_CAP,A,2018,1857.071,
367,367,KOR,HEALTHEXP,VOLUNTARY,USD_CAP,A,2018,1234.755,
368,368,LUX,HEALTHEXP,COMPULSORY,USD_CAP,A,2018,4389.511,
369,369,LUX,HEALTHEXP,VOLUNTARY,USD_CAP,A,2018,757.622,
370,370,MEX,HEALTHEXP,COMPULSORY,USD_CAP,A,2018,554.384,
371,371,MEX,HEALTHEXP,VOLUNTARY,USD_CAP,A,2018,561.648,
372,372,NLD,HEALTHEXP,COMPULSORY,USD_CAP,A,2018,4547.308,
373,373,NLD,HEALTHEXP,VOLUNTARY,USD_CAP,A,2018,990.787,
374,374,NZL,HEALTHEXP,COMPULSORY,USD_CAP,A,2018,3215.482,P
375,375,NZL,HEALTHEXP,VOLUNTARY,USD_CAP,A,2018,843.264,P
376,376,NOR,HEALTHEXP,COMPULSORY,USD_CAP,A,2018,5602.233,
377,377,NOR,HEALTHEXP,VOLUNTARY,USD_CAP,A,2018,934.528,
378,378,POL,HEALTHEXP,COMPULSORY,USD_CAP,A,2018,1517.709,
379,379,POL,HEALTHEXP,VOLUNTARY,USD_CAP,A,2018,605.131,
380,380,PRT,HEALTHEXP,COMPULSORY,USD_CAP,A,2018,1930.387,
381,381,PRT,HEALTHEXP,VOLUNTARY,USD_CAP,A,2018,1222.41,
382,382,SVK,HEALTHEXP,COMPULSORY,USD_CAP,A,2018,1642.317,
383,383,SVK,HEALTHEXP,VOLUNTARY,USD_CAP,A,2018,407.151,
384,384,ESP,HEALTHEXP,COMPULSORY,USD_CAP,A,2018,2419.998,
385,385,ESP,HEALTHEXP,VOLUNTARY,USD_CAP,A,2018,1023.658,
386,386,SWE,HEALTHEXP,COMPULSORY,USD_CAP,A,2018,4626.312,
387,387,SWE,HEALTHEXP,VOLUNTARY,USD_CAP,A,2018,830.234,
388,388,CHE,HEALTHEXP,COMPULSORY,USD_CAP,A,2018,4585.412,
389,389,CHE,HEALTHEXP,VOLUNTARY,USD_CAP,A,2018,2392.674,B
390,390,TUR,HEALTHEXP,COMPULSORY,USD_CAP,A,2018,939.517,
391,391,TUR,HEALTHEXP,VOLUNTARY,USD_CAP,A,2018,274.607,
392,392,GBR,HEALTHEXP,COMPULSORY,USD_CAP,A,2018,3366.65,
393,393,GBR,HEALTHEXP,VOLUNTARY,USD_CAP,A,2018,922.004,
394,394,USA,HEALTHEXP,COMPULSORY,USD_CAP,A,2018,8714.817,
395,395,USA,HEALTHEXP,VOLUNTARY,USD_CAP,A,2018,1813.664,
396,396,CHL,HEALTHEXP,COMPULSORY,USD_CAP,A,2018,1285.367,
397,397,CHL,HEALTHEXP,VOLUNTARY,USD_CAP,A,2018,845.664,
398,398,CHN,HEALTHEXP,COMPULSORY,USD_CAP,A,2018,459.015,
399,399,CHN,HEALTHEXP,VOLUNTARY,USD_CAP,A,2018,351.825,
400,400,COL,HEALTHEXP,COMPULSORY,USD_CAP,A,2018,923.579,
401,401,COL,HEALTHEXP,VOLUNTARY,USD_CAP,A,2018,271.775,
402,402,CRI,HEALTHEXP,COMPULSORY,USD_CAP,A,2018,1142.827,D
403,403,CRI,HEALTHEXP,VOLUNTARY,USD_CAP,A,2018,405.221,
404,404,EST,HEALTHEXP,COMPULSORY,USD_CAP,A,2018,1743.55,
405,405,EST,HEALTHEXP,VOLUNTARY,USD_CAP,A,2018,622.236,
406,406,IND,HEALTHEXP,COMPULSORY,USD_CAP,A,2018,69.982,
407,407,IND,HEALTHEXP,VOLUNTARY,USD_CAP,A,2018,186.234,
408,408,IDN,HEALTHEXP,COMPULSORY,USD_CAP,A,2018,168.173,
409,409,IDN,HEALTHEXP,VOLUNTARY,USD_CAP,A,2018,168.552,
410,410,ISR,HEALTHEXP,COMPULSORY,USD_CAP,A,2018,1830.899,
411,411,ISR,HEALTHEXP,VOLUNTARY,USD_CAP,A,2018,949.038,
412,412,LVA,HEALTHEXP,COMPULSORY,USD_CAP,A,2018,1118.14,
413,413,LVA,HEALTHEXP,VOLUNTARY,USD_CAP,A,2018,749.142,
414,414,LTU,HEALTHEXP,COMPULSORY,USD_CAP,A,2018,1622.141,
415,415,LTU,HEALTHEXP,VOLUNTARY,USD_CAP,A,2018,792.105,
416,416,RUS,HEALTHEXP,COMPULSORY,USD_CAP,A,2018,1019.054,
417,417,RUS,HEALTHEXP,VOLUNTARY,USD_CAP,A,2018,694.893,
418,418,SVN,HEALTHEXP,COMPULSORY,USD_CAP,A,2018,2228.9,
419,419,SVN,HEALTHEXP,VOLUNTARY,USD_CAP,A,2018,831.835,
420,420,ZAF,HEALTHEXP,COMPULSORY,USD_CAP,A,2018,475.648,
421,421,ZAF,HEALTHEXP,VOLUNTARY,USD_CAP,A,2018,627.884,
422,422,BGR,HEALTHEXP,COMPULSORY,USD_CAP,A,2018,1054.018,
423,423,BGR,HEALTHEXP,VOLUNTARY,USD_CAP,A,2018,730.045,
424,424,HRV,HEALTHEXP,COMPULSORY,USD_CAP,A,2018,1558.85,
425,425,HRV,HEALTHEXP,VOLUNTARY,USD_CAP,A,2018,342.121,
426,426,CYP,HEALTHEXP,COMPULSORY,USD_CAP,A,2018,1116.914,
427,427,CYP,HEALTHEXP,VOLUNTARY,USD_CAP,A,2018,1489.514,
428,428,MLT,HEALTHEXP,COMPULSORY,USD_CAP,A,2018,2425.117,
429,429,MLT,HEALTHEXP,VOLUNTARY,USD_CAP,A,2018,1394.678,
430,430,ROU,HEALTHEXP,COMPULSORY,USD_CAP,A,2018,1326.964,
431,431,ROU,HEALTHEXP,VOLUNTARY,USD_CAP,A,2018,337.332,
432,432,AUS,HEALTHEXP,TOT,USD_CAP,A,2019,4919.24,E
433,433,AUT,HEALTHEXP,TOT,USD_CAP,A,2019,5705.102,
434,434,BEL,HEALTHEXP,TOT,USD_CAP,A,2019,5458.401,
435,435,CAN,HEALTHEXP,TOT,USD_CAP,A,2019,5370.442,P
436,436,CZE,HEALTHEXP,TOT,USD_CAP,A,2019,3417.487,
437,437,DNK,HEALTHEXP,TOT,USD_CAP,A,2019,5477.567,
438,438,FIN,HEALTHEXP,TOT,USD_CAP,A,2019,4561.471,
439,439,FRA,HEALTHEXP,TOT,USD_CAP,A,2019,5274.26,
440,440,DEU,HEALTHEXP,TOT,USD_CAP,A,2019,6518.004,
441,441,GRC,HEALTHEXP,TOT,USD_CAP,A,2019,2318.964,
442,442,HUN,HEALTHEXP,TOT,USD_CAP,A,2019,2169.772,
443,443,ISL,HEALTHEXP,TOT,USD_CAP,A,2019,4540.762,
444,444,IRL,HEALTHEXP,TOT,USD_CAP,A,2019,5083.213,
445,445,ITA,HEALTHEXP,TOT,USD_CAP,A,2019,3653.401,
446,446,JPN,HEALTHEXP,TOT,USD_CAP,A,2019,4691.462,E
447,447,KOR,HEALTHEXP,TOT,USD_CAP,A,2019,3406.256,
448,448,LUX,HEALTHEXP,TOT,USD_CAP,A,2019,5414.482,
449,449,MEX,HEALTHEXP,TOT,USD_CAP,A,2019,1132.966,
450,450,NLD,HEALTHEXP,TOT,USD_CAP,A,2019,5739.201,
451,451,NZL,HEALTHEXP,TOT,USD_CAP,A,2019,4211.854,E
452,452,NOR,HEALTHEXP,TOT,USD_CAP,A,2019,6744.623,
453,453,POL,HEALTHEXP,TOT,USD_CAP,A,2019,2289.309,
454,454,PRT,HEALTHEXP,TOT,USD_CAP,A,2019,3347.429,
455,455,SVK,HEALTHEXP,TOT,USD_CAP,A,2019,2189.052,
456,456,ESP,HEALTHEXP,TOT,USD_CAP,A,2019,3600.277,P
457,457,SWE,HEALTHEXP,TOT,USD_CAP,A,2019,5551.937,
458,458,CHE,HEALTHEXP,TOT,USD_CAP,A,2019,7138.064,
459,459,TUR,HEALTHEXP,TOT,USD_CAP,A,2019,1266.935,
460,460,GBR,HEALTHEXP,TOT,USD_CAP,A,2019,4500.141,
461,461,USA,HEALTHEXP,TOT,USD_CAP,A,2019,10948.475,
462,462,CHL,HEALTHEXP,TOT,USD_CAP,A,2019,2291.464,
463,463,EST,HEALTHEXP,TOT,USD_CAP,A,2019,2507.068,
464,464,ISR,HEALTHEXP,TOT,USD_CAP,A,2019,2903.412,
465,465,SVN,HEALTHEXP,TOT,USD_CAP,A,2019,3303.471,
466,466,COL,HEALTHEXP,TOT,USD_CAP,A,2019,1276.209,P
467,467,LVA,HEALTHEXP,TOT,USD_CAP,A,2019,2074.007,
468,468,LTU,HEALTHEXP,TOT,USD_CAP,A,2019,2727.189,
469,469,RUS,HEALTHEXP,TOT,USD_CAP,A,2019,1850.261,
470,470,CRI,HEALTHEXP,TOT,USD_CAP,A,2019,1599.817,B
471,471,BGR,HEALTHEXP,TOT,USD_CAP,A,2019,1842.048,
472,472,HRV,HEALTHEXP,TOT,USD_CAP,A,2019,2014.205,
473,473,CYP,HEALTHEXP,TOT,USD_CAP,A,2019,2722.232,
474,474,ROU,HEALTHEXP,TOT,USD_CAP,A,2019,1895.017,
475,475,AUS,HEALTHEXP,COMPULSORY,USD_CAP,A,2019,3378.808,E
476,476,AUS,HEALTHEXP,VOLUNTARY,USD_CAP,A,2019,1540.433,E
477,477,AUT,HEALTHEXP,COMPULSORY,USD_CAP,A,2019,4292.127,
478,478,AUT,HEALTHEXP,VOLUNTARY,USD_CAP,A,2019,1412.975,D
479,479,BEL,HEALTHEXP,COMPULSORY,USD_CAP,A,2019,4192.436,
480,480,BEL,HEALTHEXP,VOLUNTARY,USD_CAP,A,2019,1265.965,
481,481,CAN,HEALTHEXP,COMPULSORY,USD_CAP,A,2019,3768.303,P
482,482,CAN,HEALTHEXP,VOLUNTARY,USD_CAP,A,2019,1602.139,P
483,483,CZE,HEALTHEXP,COMPULSORY,USD_CAP,A,2019,2795.55,
484,484,CZE,HEALTHEXP,VOLUNTARY,USD_CAP,A,2019,621.937,
485,485,DNK,HEALTHEXP,COMPULSORY,USD_CAP,A,2019,4562.246,
486,486,DNK,HEALTHEXP,VOLUNTARY,USD_CAP,A,2019,915.321,
487,487,FIN,HEALTHEXP,COMPULSORY,USD_CAP,A,2019,3550.344,
488,488,FIN,HEALTHEXP,VOLUNTARY,USD_CAP,A,2019,1011.127,
489,489,FRA,HEALTHEXP,COMPULSORY,USD_CAP,A,2019,4414.98,
490,490,FRA,HEALTHEXP,VOLUNTARY,USD_CAP,A,2019,859.28,
491,491,DEU,HEALTHEXP,COMPULSORY,USD_CAP,A,2019,5514.432,
492,492,DEU,HEALTHEXP,VOLUNTARY,USD_CAP,A,2019,1003.573,
493,493,GRC,HEALTHEXP,COMPULSORY,USD_CAP,A,2019,1385.758,
494,494,GRC,HEALTHEXP,VOLUNTARY,USD_CAP,A,2019,930.01,
495,495,HUN,HEALTHEXP,COMPULSORY,USD_CAP,A,2019,1482.511,
496,496,HUN,HEALTHEXP,VOLUNTARY,USD_CAP,A,2019,687.261,
497,497,ISL,HEALTHEXP,COMPULSORY,USD_CAP,A,2019,3763.782,
498,498,ISL,HEALTHEXP,VOLUNTARY,USD_CAP,A,2019,776.979,
499,499,IRL,HEALTHEXP,COMPULSORY,USD_CAP,A,2019,3790.959,
500,500,IRL,HEALTHEXP,VOLUNTARY,USD_CAP,A,2019,1292.253,
501,501,ITA,HEALTHEXP,COMPULSORY,USD_CAP,A,2019,2700.569,
502,502,ITA,HEALTHEXP,VOLUNTARY,USD_CAP,A,2019,952.832,
503,503,JPN,HEALTHEXP,COMPULSORY,USD_CAP,A,2019,3936.644,E
504,504,JPN,HEALTHEXP,VOLUNTARY,USD_CAP,A,2019,754.819,E
505,505,KOR,HEALTHEXP,COMPULSORY,USD_CAP,A,2019,2077.164,
506,506,KOR,HEALTHEXP,VOLUNTARY,USD_CAP,A,2019,1329.092,
507,507,LUX,HEALTHEXP,COMPULSORY,USD_CAP,A,2019,4600.024,
508,508,LUX,HEALTHEXP,VOLUNTARY,USD_CAP,A,2019,742.359,
509,509,MEX,HEALTHEXP,COMPULSORY,USD_CAP,A,2019,558.64,
510,510,MEX,HEALTHEXP,VOLUNTARY,USD_CAP,A,2019,574.326,
511,511,NLD,HEALTHEXP,COMPULSORY,USD_CAP,A,2019,4742.984,
512,512,NLD,HEALTHEXP,VOLUNTARY,USD_CAP,A,2019,996.216,
513,513,NZL,HEALTHEXP,COMPULSORY,USD_CAP,A,2019,3355.183,E
514,514,NOR,HEALTHEXP,COMPULSORY,USD_CAP,A,2019,5788.239,
515,515,NOR,HEALTHEXP,VOLUNTARY,USD_CAP,A,2019,956.383,
516,516,POL,HEALTHEXP,COMPULSORY,USD_CAP,A,2019,1643.195,
517,517,POL,HEALTHEXP,VOLUNTARY,USD_CAP,A,2019,646.114,
518,518,PRT,HEALTHEXP,COMPULSORY,USD_CAP,A,2019,2041.139,
519,519,PRT,HEALTHEXP,VOLUNTARY,USD_CAP,A,2019,1306.29,
520,520,SVK,HEALTHEXP,COMPULSORY,USD_CAP,A,2019,1746.719,
521,521,SVK,HEALTHEXP,VOLUNTARY,USD_CAP,A,2019,442.333,
522,522,ESP,HEALTHEXP,COMPULSORY,USD_CAP,A,2019,2542.498,P
523,523,ESP,HEALTHEXP,VOLUNTARY,USD_CAP,A,2019,1057.778,P
524,524,SWE,HEALTHEXP,COMPULSORY,USD_CAP,A,2019,4712.743,
525,525,SWE,HEALTHEXP,VOLUNTARY,USD_CAP,A,2019,839.194,
526,526,CHE,HEALTHEXP,COMPULSORY,USD_CAP,A,2019,4765.671,
527,527,CHE,HEALTHEXP,VOLUNTARY,USD_CAP,A,2019,2372.393,
528,528,TUR,HEALTHEXP,COMPULSORY,USD_CAP,A,2019,987.177,
529,529,TUR,HEALTHEXP,VOLUNTARY,USD_CAP,A,2019,279.757,
530,530,GBR,HEALTHEXP,COMPULSORY,USD_CAP,A,2019,3533.211,
531,531,GBR,HEALTHEXP,VOLUNTARY,USD_CAP,A,2019,966.93,
532,532,USA,HEALTHEXP,COMPULSORY,USD_CAP,A,2019,9053.844,
533,533,USA,HEALTHEXP,VOLUNTARY,USD_CAP,A,2019,1894.631,
534,534,CHL,HEALTHEXP,COMPULSORY,USD_CAP,A,2019,1388.667,
535,535,CHL,HEALTHEXP,VOLUNTARY,USD_CAP,A,2019,902.797,
536,536,COL,HEALTHEXP,COMPULSORY,USD_CAP,A,2019,989.425,P
537,537,COL,HEALTHEXP,VOLUNTARY,USD_CAP,A,2019,286.784,P
538,538,CRI,HEALTHEXP,COMPULSORY,USD_CAP,A,2019,1182.862,B
539,539,CRI,HEALTHEXP,VOLUNTARY,USD_CAP,A,2019,416.955,B
540,540,EST,HEALTHEXP,COMPULSORY,USD_CAP,A,2019,1867.585,
541,541,EST,HEALTHEXP,VOLUNTARY,USD_CAP,A,2019,639.484,
542,542,ISR,HEALTHEXP,COMPULSORY,USD_CAP,A,2019,1880.82,
543,543,ISR,HEALTHEXP,VOLUNTARY,USD_CAP,A,2019,962.097,
544,544,LVA,HEALTHEXP,COMPULSORY,USD_CAP,A,2019,1275.183,
545,545,LVA,HEALTHEXP,VOLUNTARY,USD_CAP,A,2019,798.824,
546,546,LTU,HEALTHEXP,COMPULSORY,USD_CAP,A,2019,1810.376,
547,547,LTU,HEALTHEXP,VOLUNTARY,USD_CAP,A,2019,916.187,
548,548,RUS,HEALTHEXP,COMPULSORY,USD_CAP,A,2019,1131.47,
549,549,RUS,HEALTHEXP,VOLUNTARY,USD_CAP,A,2019,718.791,
550,550,SVN,HEALTHEXP,COMPULSORY,USD_CAP,A,2019,2404.424,
551,551,SVN,HEALTHEXP,VOLUNTARY,USD_CAP,A,2019,899.047,
552,552,BGR,HEALTHEXP,COMPULSORY,USD_CAP,A,2019,1116.1,
553,553,BGR,HEALTHEXP,VOLUNTARY,USD_CAP,A,2019,725.947,
554,554,HRV,HEALTHEXP,COMPULSORY,USD_CAP,A,2019,1649.781,
555,555,HRV,HEALTHEXP,VOLUNTARY,USD_CAP,A,2019,364.424,
556,556,CYP,HEALTHEXP,COMPULSORY,USD_CAP,A,2019,1537.815,
557,557,CYP,HEALTHEXP,VOLUNTARY,USD_CAP,A,2019,1184.417,
558,558,ROU,HEALTHEXP,COMPULSORY,USD_CAP,A,2019,1524.456,
559,559,ROU,HEALTHEXP,VOLUNTARY,USD_CAP,A,2019,370.561,
560,560,AUT,HEALTHEXP,TOT,USD_CAP,A,2020,5899.139,P
561,561,DEU,HEALTHEXP,TOT,USD_CAP,A,2020,6730.942,P
562,562,ISL,HEALTHEXP,TOT,USD_CAP,A,2020,5034.092,P
563,563,IRL,HEALTHEXP,TOT,USD_CAP,A,2020,5604.209,P
564,564,ITA,HEALTHEXP,TOT,USD_CAP,A,2020,3819.39,P
565,565,KOR,HEALTHEXP,TOT,USD_CAP,A,2020,3493.695,P
566,566,NLD,HEALTHEXP,TOT,USD_CAP,A,2020,6298.506,P
567,567,NOR,HEALTHEXP,TOT,USD_CAP,A,2020,6748.433,P
568,568,POL,HEALTHEXP,TOT,USD_CAP,A,2020,2546.964,P
569,569,PRT,HEALTHEXP,TOT,USD_CAP,A,2020,3308.319,P
570,570,SWE,HEALTHEXP,TOT,USD_CAP,A,2020,5753.559,P
571,571,GBR,HEALTHEXP,TOT,USD_CAP,A,2020,5267.705,P
572,572,CHL,HEALTHEXP,TOT,USD_CAP,A,2020,2231.567,P
573,573,EST,HEALTHEXP,TOT,USD_CAP,A,2020,2948.505,P
574,574,SVN,HEALTHEXP,TOT,USD_CAP,A,2020,3783.152,P
575,575,LTU,HEALTHEXP,TOT,USD_CAP,A,2020,2940.665,P
576,576,AUT,HEALTHEXP,COMPULSORY,USD_CAP,A,2020,4504.329,P
577,577,AUT,HEALTHEXP,VOLUNTARY,USD_CAP,A,2020,1394.81,P
578,578,DEU,HEALTHEXP,COMPULSORY,USD_CAP,A,2020,5728.947,P
579,579,DEU,HEALTHEXP,VOLUNTARY,USD_CAP,A,2020,1001.979,P
580,580,ISL,HEALTHEXP,COMPULSORY,USD_CAP,A,2020,4218.781,P
581,581,ISL,HEALTHEXP,VOLUNTARY,USD_CAP,A,2020,815.311,P
582,582,IRL,HEALTHEXP,COMPULSORY,USD_CAP,A,2020,4319.089,P
583,583,IRL,HEALTHEXP,VOLUNTARY,USD_CAP,A,2020,1285.12,P
584,584,ITA,HEALTHEXP,COMPULSORY,USD_CAP,A,2020,2913.652,P
585,585,ITA,HEALTHEXP,VOLUNTARY,USD_CAP,A,2020,905.738,P
586,586,KOR,HEALTHEXP,COMPULSORY,USD_CAP,A,2020,2171.809,P
587,587,KOR,HEALTHEXP,VOLUNTARY,USD_CAP,A,2020,1321.886,P
588,588,NLD,HEALTHEXP,COMPULSORY,USD_CAP,A,2020,5325.465,P
589,589,NLD,HEALTHEXP,VOLUNTARY,USD_CAP,A,2020,973.04,P
590,590,NOR,HEALTHEXP,COMPULSORY,USD_CAP,A,2020,5803.156,P
591,591,NOR,HEALTHEXP,VOLUNTARY,USD_CAP,A,2020,945.276,P
592,592,POL,HEALTHEXP,COMPULSORY,USD_CAP,A,2020,1867.556,P
593,593,POL,HEALTHEXP,VOLUNTARY,USD_CAP,A,2020,679.408,P
594,594,PRT,HEALTHEXP,COMPULSORY,USD_CAP,A,2020,2154.115,P
595,595,PRT,HEALTHEXP,VOLUNTARY,USD_CAP,A,2020,1154.204,P
596,596,SWE,HEALTHEXP,COMPULSORY,USD_CAP,A,2020,4895.114,P
597,597,SWE,HEALTHEXP,VOLUNTARY,USD_CAP,A,2020,858.446,P
598,598,GBR,HEALTHEXP,COMPULSORY,USD_CAP,A,2020,4306.017,P
599,599,GBR,HEALTHEXP,VOLUNTARY,USD_CAP,A,2020,961.688,P
600,600,CHL,HEALTHEXP,COMPULSORY,USD_CAP,A,2020,1402.018,P
601,601,CHL,HEALTHEXP,VOLUNTARY,USD_CAP,A,2020,829.549,P
602,602,EST,HEALTHEXP,COMPULSORY,USD_CAP,A,2020,2305.578,P
603,603,EST,HEALTHEXP,VOLUNTARY,USD_CAP,A,2020,642.927,P
604,604,LTU,HEALTHEXP,COMPULSORY,USD_CAP,A,2020,1952.087,P
605,605,LTU,HEALTHEXP,VOLUNTARY,USD_CAP,A,2020,987.903,P
606,606,SVN,HEALTHEXP,COMPULSORY,USD_CAP,A,2020,2882.089,P
607,607,SVN,HEALTHEXP,VOLUNTARY,USD_CAP,A,2020,901.064,P
